INSERT INTO dep (depno, depname, location)
VALUES ('10' , 'accounting', 'silom')
INSERT INTO dep (depno, depname, location)
VALUES ('20' , 'administration', 'sukumvit')
INSERT INTO dep (depno, depname, location)
VALUES ('30' , 'marketing', 'ratchada')
INSERT INTO dep (depno, depname, location)
VALUES ('40' , 'finance', 'silom')
INSERT INTO dep (depno, depname, location)
VALUES ('50' , 'research', 'sukumvit')

INSERT INTO project (projno, projdesc, startdate, enddate, budget)
VALUES ('01' , 'new project', '10/01/1994', '03/31/1995', '500000')
INSERT INTO project (projno, projdesc, startdate, enddate, budget)
VALUES ('02' , 'bill collection', '11/01/1994', '06/30/1995', '1000000')
INSERT INTO project (projno, projdesc, startdate, enddate, budget)
VALUES ('03' , 'new building', '10/15/1994', '05/31/1995', '8000000')

INSERT INTO employee (empnum, empname, hiredate, salary, position, depno, mgrno)
VALUES ('1001' , 'siriwan', '06/13/1993', '9000', 'clerk', '10', '1002')
INSERT INTO employee (empnum, empname, hiredate, salary, position, depno, mgrno)
VALUES ('1002' , 'jintana', '01/31/1993', '30000', 'controller', '10', '1003')
INSERT INTO employee (empnum, empname, hiredate, salary, position, depno, mgrno)
VALUES ('1003' , 'surasit', '03/15/1994', '30000', 'manager', '10', '2002')
INSERT INTO employee (empnum, empname, hiredate, salary, position, depno, mgrno)
VALUES ('1004' , 'amporn', '06/04/1994', '12000', 'clerk', '10', '1002')
INSERT INTO employee (empnum, empname, hiredate, salary, position, depno, mgrno)
VALUES ('2001' , 'chai', '05/14/1993', '14000', 'clerk', '20', '2003')
INSERT INTO employee (empnum, empname, hiredate, salary, position, depno, mgrno)
VALUES ('2002' , 'kanjana', '01/10/1993', '50000', 'director', '20', ' ')
INSERT INTO employee (empnum, empname, hiredate, salary, position, depno, mgrno)
VALUES ('2003' , 'ternjai', '11/01/1994', '24000', 'manager', '20', '2002 ')
INSERT INTO employee (empnum, empname, hiredate, salary, position, depno, mgrno)
VALUES ('3001' , 'arlee', '08/15/1993', '17000', 'salesman', '30', '3004')
INSERT INTO employee (empnum, empname, hiredate, salary, position, depno, mgrno)
VALUES ('3002' , 'mitree', '12/05/1993', '13000', 'salesman', '30', '3004')
INSERT INTO employee (empnum, empname, hiredate, salary, position, depno, mgrno)
VALUES ('3003' , 'benjawan', '06/11/1994', '29000', 'manager', '30', '2002')
INSERT INTO employee (empnum, empname, hiredate, salary, position, depno, mgrno)
VALUES ('3004' , 'tanachote', '06/14/1994', '25000', 'supervisor', '30', '3003')
INSERT INTO employee (empnum, empname, hiredate, salary, position, depno, mgrno)
VALUES ('4001' , 'wichai', '12/26/1993', '33000', 'manager', '40', '2002')
INSERT INTO employee (empnum, empname, hiredate, salary, position, depno, mgrno)
VALUES ('4002' , 'tidarat', '12/01/1994', '9000', 'clerk', '40', '4001')

INSERT INTO projwork (projno, empnum, hours)
VALUES ('01' , '3001', '25')
INSERT INTO projwork (projno, empnum, hours)
VALUES ('01' , '3003', '30')
INSERT INTO projwork (projno, empnum, hours)
VALUES ('02' , '4002', '45')
INSERT INTO projwork (projno, empnum, hours)
VALUES ('03' , '2003', '20')
INSERT INTO projwork (projno, empnum, hours)
VALUES ('03' , '2001', '30')
