insert into dep (depno, depname, location)
values ('10' , 'accounting', 'silom')
insert into dep (depno, depname, location)
values ('20' , 'administration', 'sukumvit')
insert into dep (depno, depname, location)
values ('30' , 'marketing', 'ratchada')
insert into dep (depno, depname, location)
values ('40' , 'finance', 'silom')
insert into dep (depno, depname, location)
values ('50' , 'research', 'sukumvit')

insert into project (projno, projdesc, startdate, enddate, budget)
values ('01' , 'new project', '10/01/1994', '03/31/1995', '500000')
insert into project (projno, projdesc, startdate, enddate, budget)
values ('02' , 'bill collection', '11/01/1994', '06/30/1995', '1000000')
insert into project (projno, projdesc, startdate, enddate, budget)
values ('03' , 'new building', '10/15/1994', '05/31/1995', '8000000')

insert into employee (empnum, empname, hiredate, salary, position, depno, mgrno)
values ('1001' , 'siriwan', '06/13/1993', '9000', 'clerk', '10', '1002')
insert into employee (empnum, empname, hiredate, salary, position, depno, mgrno)
values ('1002' , 'jintana', '01/31/1993', '30000', 'controller', '10', '1003')
insert into employee (empnum, empname, hiredate, salary, position, depno, mgrno)
values ('1003' , 'surasit', '03/15/1994', '30000', 'manager', '10', '2002')
insert into employee (empnum, empname, hiredate, salary, position, depno, mgrno)
values ('1004' , 'amporn', '06/04/1994', '12000', 'clerk', '10', '1002')
insert into employee (empnum, empname, hiredate, salary, position, depno, mgrno)
values ('2001' , 'chai', '05/14/1993', '14000', 'clerk', '20', '2003')
insert into employee (empnum, empname, hiredate, salary, position, depno, mgrno)
values ('2002' , 'kanjana', '01/10/1993', '50000', 'director', '20', ' ')
insert into employee (empnum, empname, hiredate, salary, position, depno, mgrno)
values ('2003' , 'ternjai', '11/01/1994', '24000', 'manager', '20', '2002 ')
insert into employee (empnum, empname, hiredate, salary, position, depno, mgrno)
values ('3001' , 'arlee', '08/15/1993', '17000', 'salesman', '30', '3004')
insert into employee (empnum, empname, hiredate, salary, position, depno, mgrno)
values ('3002' , 'mitree', '12/05/1993', '13000', 'salesman', '30', '3004')
insert into employee (empnum, empname, hiredate, salary, position, depno, mgrno)
values ('3003' , 'benjawan', '06/11/1994', '29000', 'manager', '30', '2002')
insert into employee (empnum, empname, hiredate, salary, position, depno, mgrno)
values ('3004' , 'tanachote', '06/14/1994', '25000', 'supervisor', '30', '3003')
insert into employee (empnum, empname, hiredate, salary, position, depno, mgrno)
values ('4001' , 'wichai', '12/26/1993', '33000', 'manager', '40', '2002')
insert into employee (empnum, empname, hiredate, salary, position, depno, mgrno)
values ('4002' , 'tidarat', '12/01/1994', '9000', 'clerk', '40', '4001')

insert into projwork (projno, empnum, hours)
values ('01' , '3001', '25')
insert into projwork (projno, empnum, hours)
values ('01' , '3003', '30')
insert into projwork (projno, empnum, hours)
values ('02' , '4002', '45')
insert into projwork (projno, empnum, hours)
values ('03' , '2003', '20')
insert into projwork (projno, empnum, hours)
values ('03' , '2001', '30')

